city,slug,N,k,sigma,W,mean_degree,median_degree,r_mean,ipr_mean,ipr_max,frac_localized,phase
Bluebikes Boston,boston_bluebikes,497,6,300.0,0.0,1.6180622100170812,1.223011208319188,0.4164284051337575,0.15992002554949808,0.99981153894288,0.9959758551307847,Poisson
Bluebikes Boston,boston_bluebikes,497,6,300.0,1.0,1.6180622100170812,1.223011208319188,0.4009933567561606,0.336938053234368,0.9999992741460172,1.0,Poisson
Bluebikes Boston,boston_bluebikes,497,6,500.0,0.0,3.2611978920682887,3.1831077728405393,0.4818187475367112,0.071771163521054,0.6162313944962486,0.971830985915493,GOE
Bluebikes Boston,boston_bluebikes,497,6,500.0,1.0,3.2611978920682887,3.1831077728405393,0.40900997909086206,0.2856823643117041,0.9769900040405208,1.0,Poisson
Bluebikes Boston,boston_bluebikes,497,6,800.0,0.0,4.835422302682508,4.928059504139975,0.5124156368875232,0.039854510199810775,0.4881062349365669,0.8873239436619719,GOE
Bluebikes Boston,boston_bluebikes,497,6,800.0,1.0,4.835422302682508,4.928059504139975,0.3968643889286361,0.262011156334164,0.9192598416817875,1.0,Poisson
Bluebikes Boston,boston_bluebikes,497,6,1200.0,0.0,5.881489780157372,5.750717432699634,0.47897329183681575,0.03223803483451404,0.42389521871098634,0.8028169014084507,intermediate
Bluebikes Boston,boston_bluebikes,497,6,1200.0,1.0,5.881489780157372,5.750717432699634,0.4258779710872318,0.2564148989966663,0.9209830069968452,1.0,Poisson
Bluebikes Boston,boston_bluebikes,497,10,300.0,0.0,1.8055658223964195,1.2489173503062716,0.4280349810714741,0.16721119066090448,0.9998044515708066,0.9919517102615694,Poisson
Bluebikes Boston,boston_bluebikes,497,10,300.0,1.0,1.8055658223964195,1.2489173503062716,0.3779886391105325,0.3488610890070865,0.9999992655034342,1.0,Poisson
Bluebikes Boston,boston_bluebikes,497,10,500.0,0.0,4.100122338716599,3.8224447285691503,0.4851955321679285,0.08224354789125941,0.5170380171581964,0.971830985915493,GOE
Bluebikes Boston,boston_bluebikes,497,10,500.0,1.0,4.100122338716599,3.8224447285691503,0.4118062697329777,0.31433192482255007,0.9650679906860682,1.0,Poisson
Bluebikes Boston,boston_bluebikes,497,10,800.0,0.0,6.702364064567631,6.961796093987519,0.5133095478893124,0.0455817889721104,0.5379448301200237,0.7746478873239436,GOE
Bluebikes Boston,boston_bluebikes,497,10,800.0,1.0,6.702364064567631,6.961796093987519,0.3987591237037342,0.3040050634226782,0.9490189175193134,1.0,Poisson
Bluebikes Boston,boston_bluebikes,497,10,1200.0,0.0,8.693743674494485,8.947971072334768,0.5052201781435696,0.030451289109232456,0.5839740005997875,0.5915492957746479,GOE
Bluebikes Boston,boston_bluebikes,497,10,1200.0,1.0,8.693743674494485,8.947971072334768,0.4256636947206276,0.2900593781261041,0.9518426770902421,1.0,Poisson
Bluebikes Boston,boston_bluebikes,497,15,300.0,0.0,1.8790065588423766,1.2535238899462473,0.41588469537558265,0.1753207169623427,0.9998044516198722,0.993963782696177,Poisson
Bluebikes Boston,boston_bluebikes,497,15,300.0,1.0,1.8790065588423766,1.2535238899462473,0.3827756615189681,0.35695265713551994,0.9999992655033383,1.0,Poisson
Bluebikes Boston,boston_bluebikes,497,15,500.0,0.0,4.684490615203642,4.106872262585398,0.4602496327751559,0.0964743932048228,0.5170267515752311,0.9537223340040242,intermediate
Bluebikes Boston,boston_bluebikes,497,15,500.0,1.0,4.684490615203642,4.106872262585398,0.4038899846903412,0.3359565383078762,0.9650736518270319,1.0,Poisson
Bluebikes Boston,boston_bluebikes,497,15,800.0,0.0,8.409523241842274,8.49264069695972,0.47864864562409815,0.056574540486629715,0.4986875957539877,0.8048289738430584,intermediate
Bluebikes Boston,boston_bluebikes,497,15,800.0,1.0,8.409523241842274,8.49264069695972,0.41881778016598387,0.3390555629511107,0.9708261058032674,1.0,Poisson
Bluebikes Boston,boston_bluebikes,497,15,1200.0,0.0,11.648333293266258,12.320425585241804,0.5151256594721413,0.0357312487867012,0.49824338993697714,0.5633802816901409,GOE
Bluebikes Boston,boston_bluebikes,497,15,1200.0,1.0,11.648333293266258,12.320425585241804,0.39840249824442564,0.32594932240579205,0.974739126923673,1.0,Poisson
Bluebikes Boston,boston_bluebikes,497,20,300.0,0.0,1.8983495515555653,1.2558588912905073,0.43955934862870516,0.1752175760770831,0.9998044516191228,0.9959758551307847,intermediate
Bluebikes Boston,boston_bluebikes,497,20,300.0,1.0,1.8983495515555653,1.2558588912905073,0.39797209136531103,0.35708630808777525,0.9999992655033383,1.0,Poisson
Bluebikes Boston,boston_bluebikes,497,20,500.0,0.0,4.996552897529761,4.178468892787607,0.45010955326491453,0.10369859747569178,0.5170236206480905,0.9698189134808853,intermediate
Bluebikes Boston,boston_bluebikes,497,20,500.0,1.0,4.996552897529761,4.178468892787607,0.4002026230966723,0.3490989076649917,0.9651320666299482,1.0,Poisson
Bluebikes Boston,boston_bluebikes,497,20,800.0,0.0,9.63167942262323,9.33273093301504,0.49169584304010583,0.06537596336264277,0.4990456245257575,0.8410462776659959,GOE
Bluebikes Boston,boston_bluebikes,497,20,800.0,1.0,9.63167942262323,9.33273093301504,0.40965999084125687,0.3538094100117031,0.9802561979188436,1.0,Poisson
Bluebikes Boston,boston_bluebikes,497,20,1200.0,0.0,14.07507792243028,14.716067568011495,0.5306100304126058,0.04082134127150057,0.6188789726543515,0.6197183098591549,GOE
Bluebikes Boston,boston_bluebikes,497,20,1200.0,1.0,14.07507792243028,14.716067568011495,0.41636963963030366,0.3502264852674502,0.9840128450863109,1.0,Poisson
Capital Bikeshare DC,dc_capitalbikeshare,776,6,300.0,0.0,1.5885812522996903,1.3625516416132406,0.4067313128862329,0.18895921418795192,0.9998906374547694,0.9987113402061856,Poisson
Capital Bikeshare DC,dc_capitalbikeshare,776,6,300.0,1.0,1.5885812522996903,1.3625516416132406,0.4076762380452623,0.37667633257204014,0.9999999999999831,1.0,Poisson
Capital Bikeshare DC,dc_capitalbikeshare,776,6,500.0,0.0,3.1163094793655803,3.127981174887389,0.4168036528501012,0.11353581091124745,0.99801700307598,0.9948453608247423,Poisson
Capital Bikeshare DC,dc_capitalbikeshare,776,6,500.0,1.0,3.1163094793655803,3.127981174887389,0.3984495239827672,0.33037037542043596,0.9994183869238308,1.0,Poisson
Capital Bikeshare DC,dc_capitalbikeshare,776,6,800.0,0.0,4.613265886844145,4.8288263452708104,0.45728837211173307,0.07488300342443233,0.8530535356375563,0.9884020618556701,intermediate
Capital Bikeshare DC,dc_capitalbikeshare,776,6,800.0,1.0,4.613265886844145,4.8288263452708104,0.37355133350228786,0.30360000564667516,0.969699745496811,1.0,Poisson
Capital Bikeshare DC,dc_capitalbikeshare,776,6,1200.0,0.0,5.681946830494135,5.730061855490479,0.472946830988509,0.0578380072599544,0.653371012308717,0.9742268041237113,intermediate
Capital Bikeshare DC,dc_capitalbikeshare,776,6,1200.0,1.0,5.681946830494135,5.730061855490479,0.3980339352568551,0.2959312978014131,0.9712256897723922,1.0,Poisson
Capital Bikeshare DC,dc_capitalbikeshare,776,10,300.0,0.0,1.7854631324275756,1.395408692367881,0.4050106330391015,0.19336711456196223,0.999999566528658,0.9987113402061856,Poisson
Capital Bikeshare DC,dc_capitalbikeshare,776,10,300.0,1.0,1.7854631324275756,1.395408692367881,0.3967244102918921,0.3874379907170287,0.9999999999999829,1.0,Poisson
Capital Bikeshare DC,dc_capitalbikeshare,776,10,500.0,0.0,3.9173287175374907,3.4833596514887515,0.4568830198490995,0.12567382788150958,0.9980170030184321,0.9974226804123711,intermediate
Capital Bikeshare DC,dc_capitalbikeshare,776,10,500.0,1.0,3.9173287175374907,3.4833596514887515,0.38944447288976336,0.3503022829627091,0.9994183869278151,1.0,Poisson
Capital Bikeshare DC,dc_capitalbikeshare,776,10,800.0,0.0,6.315240054854524,6.463641693150452,0.46347332191422075,0.0816269365413114,0.8530535356375566,0.9768041237113402,intermediate
Capital Bikeshare DC,dc_capitalbikeshare,776,10,800.0,1.0,6.315240054854524,6.463641693150452,0.3966961009120731,0.34067360212678965,0.9792409970388259,1.0,Poisson
Capital Bikeshare DC,dc_capitalbikeshare,776,10,1200.0,0.0,8.24723833554861,8.72245811064285,0.4672229013330247,0.04858831803847549,0.6533709829575,0.9484536082474226,intermediate
Capital Bikeshare DC,dc_capitalbikeshare,776,10,1200.0,1.0,8.24723833554861,8.72245811064285,0.4108777496547906,0.32962720721069744,0.9826801581730994,1.0,Poisson
Capital Bikeshare DC,dc_capitalbikeshare,776,15,300.0,0.0,1.874080520548663,1.395945425565949,0.4125181591157421,0.19895236738430114,0.999999992433575,0.9987113402061856,Poisson
Capital Bikeshare DC,dc_capitalbikeshare,776,15,300.0,1.0,1.874080520548663,1.395945425565949,0.3747461298471569,0.3923425311433064,0.9999999999999829,1.0,Poisson
Capital Bikeshare DC,dc_capitalbikeshare,776,15,500.0,0.0,4.482868608159242,3.6647083442960824,0.44590263519235646,0.13641579290892092,0.9980170030184319,0.9974226804123711,intermediate
Capital Bikeshare DC,dc_capitalbikeshare,776,15,500.0,1.0,4.482868608159242,3.6647083442960824,0.3914530833217907,0.3619102211576991,0.9994183869278151,1.0,Poisson
Capital Bikeshare DC,dc_capitalbikeshare,776,15,800.0,0.0,7.825906953280984,7.4328503650408635,0.45564795171090083,0.09802973389082244,0.8530535356375565,0.9871134020618557,intermediate
Capital Bikeshare DC,dc_capitalbikeshare,776,15,800.0,1.0,7.825906953280984,7.4328503650408635,0.41021388821912075,0.372820078536438,0.9826422287661931,1.0,Poisson
Capital Bikeshare DC,dc_capitalbikeshare,776,15,1200.0,0.0,10.829867915399461,11.404787069931285,0.4776923019769285,0.06113604129262373,0.668497302539934,0.9342783505154639,intermediate
Capital Bikeshare DC,dc_capitalbikeshare,776,15,1200.0,1.0,10.829867915399461,11.404787069931285,0.3836026875971276,0.3533115700671096,0.9875635865089487,1.0,Poisson
Capital Bikeshare DC,dc_capitalbikeshare,776,20,300.0,0.0,1.9094293934562487,1.395977224105885,0.4067953967109402,0.19950393504235506,0.9999999275101374,0.9987113402061856,Poisson
Capital Bikeshare DC,dc_capitalbikeshare,776,20,300.0,1.0,1.9094293934562487,1.395977224105885,0.39454818196113567,0.3929651717912839,0.9999999999999831,1.0,Poisson
Capital Bikeshare DC,dc_capitalbikeshare,776,20,500.0,0.0,4.821340535310473,3.6872096726637538,0.44932374204274833,0.143342160089537,0.9980170030184319,0.9974226804123711,intermediate
Capital Bikeshare DC,dc_capitalbikeshare,776,20,500.0,1.0,4.821340535310473,3.6872096726637538,0.40927667869360285,0.3717087482314693,0.9994183869278151,1.0,Poisson
Capital Bikeshare DC,dc_capitalbikeshare,776,20,800.0,0.0,8.909632410887724,7.9354414358163705,0.4697238327441379,0.10834542643764286,0.8530535356375565,0.9858247422680413,intermediate
Capital Bikeshare DC,dc_capitalbikeshare,776,20,800.0,1.0,8.909632410887724,7.9354414358163705,0.3864355394614605,0.3839573121710904,0.9836587276212431,1.0,Poisson
Capital Bikeshare DC,dc_capitalbikeshare,776,20,1200.0,0.0,12.881847342938244,13.053693450570254,0.4691272376242948,0.07134634837789572,0.6565150004034573,0.9432989690721649,intermediate
Capital Bikeshare DC,dc_capitalbikeshare,776,20,1200.0,1.0,12.881847342938244,13.053693450570254,0.3891656886048225,0.368191078637492,0.9900139640066494,1.0,Poisson
Divvy Chicago,chicago_divvy,1345,6,300.0,0.0,1.4847353556913085,1.2494516642526716,0.4061081988277515,0.1634082981574376,0.9999999999029072,0.9985130111524163,Poisson
Divvy Chicago,chicago_divvy,1345,6,300.0,1.0,1.4847353556913085,1.2494516642526716,0.39616405777298597,0.27455732857103377,0.9999999999405427,1.0,Poisson
Divvy Chicago,chicago_divvy,1345,6,500.0,0.0,3.1744580638661883,3.1259689353430185,0.4567199654369839,0.059668476314774954,0.9995605199663367,0.9903345724907063,intermediate
Divvy Chicago,chicago_divvy,1345,6,500.0,1.0,3.1744580638661883,3.1259689353430185,0.40367513738904365,0.200844751465242,0.9981529002773918,1.0,Poisson
Divvy Chicago,chicago_divvy,1345,6,800.0,0.0,4.831564449135313,4.8201170353810765,0.4867593295875388,0.030970913001634855,0.5096156095701155,0.9762081784386617,GOE
Divvy Chicago,chicago_divvy,1345,6,800.0,1.0,4.831564449135313,4.8201170353810765,0.42110775438307924,0.1690317983996492,0.9787108823377166,1.0,Poisson
Divvy Chicago,chicago_divvy,1345,6,1200.0,0.0,5.8674656766669955,5.761997937279127,0.4920463664556124,0.02716126617950652,0.5,0.9591078066914498,GOE
Divvy Chicago,chicago_divvy,1345,6,1200.0,1.0,5.8674656766669955,5.761997937279127,0.41001417704098797,0.1604860095104894,0.9750747295008318,1.0,Poisson
Divvy Chicago,chicago_divvy,1345,10,300.0,0.0,1.6031937833319216,1.28775690088834,0.4011645032153493,0.16966401869051356,0.9999999999029061,0.9985130111524163,Poisson
Divvy Chicago,chicago_divvy,1345,10,300.0,1.0,1.6031937833319216,1.28775690088834,0.4091913276286271,0.2821466503713714,0.9999999999403035,1.0,Poisson
Divvy Chicago,chicago_divvy,1345,10,500.0,0.0,3.8862815912718265,3.7629978333829737,0.4779033643674624,0.07146190164976711,0.9993555093250015,0.9925650557620818,intermediate
Divvy Chicago,chicago_divvy,1345,10,500.0,1.0,3.8862815912718265,3.7629978333829737,0.40104427807643694,0.23010537268718606,0.999235824932626,1.0,Poisson
Divvy Chicago,chicago_divvy,1345,10,800.0,0.0,6.678756655536293,6.762153866193482,0.49272540997731473,0.027598438626149725,0.5107361921760093,0.9360594795539033,GOE
Divvy Chicago,chicago_divvy,1345,10,800.0,1.0,6.678756655536293,6.762153866193482,0.4283682553744131,0.2013989922377616,0.9849574839642905,1.0,Poisson
Divvy Chicago,chicago_divvy,1345,10,1200.0,0.0,8.721760697426406,8.731005942429718,0.5063494043456428,0.018836909647986403,0.5000000000000001,0.828996282527881,GOE
Divvy Chicago,chicago_divvy,1345,10,1200.0,1.0,8.721760697426406,8.731005942429718,0.4191257194124452,0.18756066594165155,0.9819499409799559,1.0,Poisson
Divvy Chicago,chicago_divvy,1345,15,300.0,0.0,1.651566273967417,1.2885683232673864,0.404990703168742,0.17192141362903873,0.9999999999029059,0.9977695167286246,Poisson
Divvy Chicago,chicago_divvy,1345,15,300.0,1.0,1.651566273967417,1.2885683232673864,0.37812270357683925,0.28495199551782285,0.9999999999403131,1.0,Poisson
Divvy Chicago,chicago_divvy,1345,15,500.0,0.0,4.330524831182072,4.008210618628201,0.4613989432398538,0.08817558728295243,0.9995596351681867,0.9903345724907063,intermediate
Divvy Chicago,chicago_divvy,1345,15,500.0,1.0,4.330524831182072,4.008210618628201,0.3973381863223384,0.25341695844895884,0.9992915094713992,1.0,Poisson
Divvy Chicago,chicago_divvy,1345,15,800.0,0.0,8.292874312101901,8.48586701259477,0.5031418709066166,0.0377187929820783,0.5508387142514878,0.9159851301115242,GOE
Divvy Chicago,chicago_divvy,1345,15,800.0,1.0,8.292874312101901,8.48586701259477,0.4215981182647206,0.2329078190385003,0.987969892496463,1.0,Poisson
Divvy Chicago,chicago_divvy,1345,15,1200.0,0.0,11.70735789476093,11.96384892933814,0.516483593565692,0.02033758862497511,0.5129164889804758,0.7107806691449814,GOE
Divvy Chicago,chicago_divvy,1345,15,1200.0,1.0,11.70735789476093,11.96384892933814,0.4235879886016393,0.20749486077644427,0.9873196160397453,1.0,Poisson
Divvy Chicago,chicago_divvy,1345,20,300.0,0.0,1.669392383409677,1.2892747228110673,0.4045664377292035,0.17333429516812668,0.9999999999029061,0.9985130111524163,Poisson
Divvy Chicago,chicago_divvy,1345,20,300.0,1.0,1.669392383409677,1.2892747228110673,0.3879320040447863,0.2862559413458584,0.9999999999403131,1.0,Poisson
Divvy Chicago,chicago_divvy,1345,20,500.0,0.0,4.554111555161003,4.101195184302535,0.46051942433902343,0.09846366462478212,0.9992992551903391,0.9910780669144982,intermediate
Divvy Chicago,chicago_divvy,1345,20,500.0,1.0,4.554111555161003,4.101195184302535,0.4028338006044747,0.25880124479668515,0.9992918289756796,1.0,Poisson
Divvy Chicago,chicago_divvy,1345,20,800.0,0.0,9.353304549713734,9.411753057210007,0.5022968483360715,0.04312756085379726,0.5560070797627802,0.9278810408921933,GOE
Divvy Chicago,chicago_divvy,1345,20,800.0,1.0,9.353304549713734,9.411753057210007,0.4241829519966657,0.25170439096509667,0.9906669339292085,1.0,Poisson
Divvy Chicago,chicago_divvy,1345,20,1200.0,0.0,14.03916946210855,14.445175651224709,0.5134365758841369,0.02168096942333778,0.5151608428130477,0.6988847583643123,GOE
Divvy Chicago,chicago_divvy,1345,20,1200.0,1.0,14.03916946210855,14.445175651224709,0.4277070672979946,0.22726337726947402,0.9912653771978388,1.0,Poisson
Bay Wheels SF,sf_baywheels,560,6,300.0,0.0,1.9143212961100833,1.793318301968909,0.41700288239268357,0.12031661583005189,0.9617721025793105,0.9946428571428572,Poisson
Bay Wheels SF,sf_baywheels,560,6,300.0,1.0,1.9143212961100833,1.793318301968909,0.41006522833172976,0.2940558419970541,0.9816719401035967,1.0,Poisson
Bay Wheels SF,sf_baywheels,560,6,500.0,0.0,3.7607204485961647,3.921769202608184,0.44102543812400785,0.05556887330678314,0.4920556460345625,0.9839285714285714,intermediate
Bay Wheels SF,sf_baywheels,560,6,500.0,1.0,3.7607204485961647,3.921769202608184,0.4084161865083691,0.25470055144618026,0.9675531978257742,1.0,Poisson
Bay Wheels SF,sf_baywheels,560,6,800.0,0.0,5.306543771882479,5.363196936266249,0.4557318903583096,0.03893935308988023,0.4906330809596034,0.9803571428571428,intermediate
Bay Wheels SF,sf_baywheels,560,6,800.0,1.0,5.306543771882479,5.363196936266249,0.4119293728035604,0.2447547019141524,0.9591614982040053,1.0,Poisson
Bay Wheels SF,sf_baywheels,560,6,1200.0,0.0,6.2036306862349395,6.236855643260535,0.43827596630217913,0.03887899054755829,0.4952102191331677,0.9732142857142857,intermediate
Bay Wheels SF,sf_baywheels,560,6,1200.0,1.0,6.2036306862349395,6.236855643260535,0.41140789602961025,0.2364979042509353,0.9556013962259519,1.0,Poisson
Bay Wheels SF,sf_baywheels,560,10,300.0,0.0,2.1184050480451115,1.880336121363585,0.4362701589615631,0.13122370001355982,0.9612682722781067,0.9964285714285714,Poisson
Bay Wheels SF,sf_baywheels,560,10,300.0,1.0,2.1184050480451115,1.880336121363585,0.39549524404666575,0.2993718889017817,0.9843198566871794,1.0,Poisson
Bay Wheels SF,sf_baywheels,560,10,500.0,0.0,4.77486462540398,4.748550208338994,0.42438556823225776,0.07105465895590538,0.49278702831971166,0.9821428571428571,Poisson
Bay Wheels SF,sf_baywheels,560,10,500.0,1.0,4.77486462540398,4.748550208338994,0.4262548730746487,0.28386010497796493,0.979443972603268,1.0,Poisson
Bay Wheels SF,sf_baywheels,560,10,800.0,0.0,7.533743444693187,7.860586288899866,0.43507144394860847,0.03798542503462118,0.49608740716092253,0.9696428571428571,Poisson
Bay Wheels SF,sf_baywheels,560,10,800.0,1.0,7.533743444693187,7.860586288899866,0.391276596546282,0.2754778682713208,0.9769721680025617,1.0,Poisson
Bay Wheels SF,sf_baywheels,560,10,1200.0,0.0,9.416082640615862,9.467077213078477,0.42526834694592924,0.029972550741214604,0.38697417906644627,0.9571428571428572,Poisson
Bay Wheels SF,sf_baywheels,560,10,1200.0,1.0,9.416082640615862,9.467077213078477,0.41919181091332197,0.2677314918858806,0.976432437125378,1.0,Poisson
Bay Wheels SF,sf_baywheels,560,15,300.0,0.0,2.210426261778716,1.8935923622947533,0.4392883948372883,0.1368631884140176,0.9616705550368534,0.9964285714285714,intermediate
Bay Wheels SF,sf_baywheels,560,15,300.0,1.0,2.210426261778716,1.8935923622947533,0.40285237608683716,0.3089504912155422,0.9852288632159375,1.0,Poisson
Bay Wheels SF,sf_baywheels,560,15,500.0,0.0,5.496637958111366,5.078990201505859,0.4395745893317458,0.08915571802117839,0.4929553172696024,0.9875,intermediate
Bay Wheels SF,sf_baywheels,560,15,500.0,1.0,5.496637958111366,5.078990201505859,0.4043095433818866,0.308595128275617,0.9850234021549558,1.0,Poisson
Bay Wheels SF,sf_baywheels,560,15,800.0,0.0,9.555585984582512,9.780722326473377,0.43496236801568977,0.05167960021226028,0.5524058756557982,0.9625,Poisson
Bay Wheels SF,sf_baywheels,560,15,800.0,1.0,9.555585984582512,9.780722326473377,0.41853857782928533,0.3090987133875782,0.9862798767521906,1.0,Poisson
Bay Wheels SF,sf_baywheels,560,15,1200.0,0.0,12.77122079458295,13.173463630517308,0.4308920984619261,0.03244840899771054,0.49355511066562757,0.9446428571428571,Poisson
Bay Wheels SF,sf_baywheels,560,15,1200.0,1.0,12.77122079458295,13.173463630517308,0.42037702336867555,0.3051517883094797,0.9863512825356848,1.0,Poisson
Bay Wheels SF,sf_baywheels,560,20,300.0,0.0,2.241278503640975,1.8953296009038068,0.43343906731224074,0.1405077446093517,0.9616740288588697,0.9982142857142857,Poisson
Bay Wheels SF,sf_baywheels,560,20,300.0,1.0,2.241278503640975,1.8953296009038068,0.41561718805559106,0.3116744780993505,0.9853766843940501,1.0,Poisson
Bay Wheels SF,sf_baywheels,560,20,500.0,0.0,5.926576630436156,5.2011453903666425,0.43766433130597704,0.10478405755204719,0.4929667934459302,0.9875,intermediate
Bay Wheels SF,sf_baywheels,560,20,500.0,1.0,5.926576630436156,5.2011453903666425,0.4022443974221887,0.3290748965959158,0.9876468130186715,1.0,Poisson
Bay Wheels SF,sf_baywheels,560,20,800.0,0.0,11.097671215489793,10.94792396472241,0.439850842169273,0.06695109064047602,0.5546963198482335,0.9660714285714286,intermediate
Bay Wheels SF,sf_baywheels,560,20,800.0,1.0,11.097671215489793,10.94792396472241,0.4255173505045063,0.3204025827914551,0.9879380671317272,1.0,Poisson
Bay Wheels SF,sf_baywheels,560,20,1200.0,0.0,15.702020709606593,16.210986581859693,0.41586187550139386,0.03655576889849866,0.4972981501425403,0.9535714285714286,Poisson
Bay Wheels SF,sf_baywheels,560,20,1200.0,1.0,15.702020709606593,16.210986581859693,0.4084641708030075,0.3202948880838743,0.9845912679505595,1.0,Poisson
Santander Cycles London,london_tfl,798,6,300.0,0.0,3.1181890041843405,3.0748359533990506,0.49202539064138984,0.03616164689940128,0.48405787105292064,0.9624060150375939,GOE
Santander Cycles London,london_tfl,798,6,300.0,1.0,3.1181890041843405,3.0748359533990506,0.39970446998045,0.24048451353276853,0.9490093986808523,1.0,Poisson
Santander Cycles London,london_tfl,798,6,500.0,0.0,4.983119604281611,4.95523173098825,0.5252013216225986,0.016003764165076213,0.4796399085601676,0.8583959899749374,GOE
Santander Cycles London,london_tfl,798,6,500.0,1.0,4.983119604281611,4.95523173098825,0.3929099428699198,0.22403130524435763,0.9513474768325694,1.0,Poisson
Santander Cycles London,london_tfl,798,6,800.0,0.0,6.098015570609683,6.043445501704887,0.5146719347525522,0.017968610896088307,0.49942162721098504,0.8395989974937343,GOE
Santander Cycles London,london_tfl,798,6,800.0,1.0,6.098015570609683,6.043445501704887,0.39411458959149953,0.21931657524104947,0.9561776309449149,1.0,Poisson
Santander Cycles London,london_tfl,798,6,1200.0,0.0,6.608912463913871,6.562371977244764,0.5294999573348481,0.019523775145578494,0.4996380613990306,0.8145363408521303,GOE
Santander Cycles London,london_tfl,798,6,1200.0,1.0,6.608912463913871,6.562371977244764,0.40653615327441345,0.21938880992230658,0.9575659994839884,1.0,Poisson
Santander Cycles London,london_tfl,798,10,300.0,0.0,3.745456986517214,3.73182321274187,0.4709429793242916,0.04602559511427608,0.4922362489450512,0.9573934837092731,intermediate
Santander Cycles London,london_tfl,798,10,300.0,1.0,3.745456986517214,3.73182321274187,0.41683465054205,0.26950734541648724,0.9541872975111202,1.0,Poisson
Santander Cycles London,london_tfl,798,10,500.0,0.0,6.9177685493655865,7.063918628934324,0.5443810809285844,0.01391526522893441,0.4667579810710694,0.6729323308270677,GOE
Santander Cycles London,london_tfl,798,10,500.0,1.0,6.9177685493655865,7.063918628934324,0.42879723049082724,0.260418735277481,0.9749580483922397,1.0,Poisson
Santander Cycles London,london_tfl,798,10,800.0,0.0,9.19466799908518,9.23002112600944,0.5408051870503853,0.011518308728732416,0.4296841054587374,0.5125313283208021,GOE
Santander Cycles London,london_tfl,798,10,800.0,1.0,9.19466799908518,9.23002112600944,0.42200195632205023,0.2586646811174847,0.9788371535554419,1.0,Poisson
Santander Cycles London,london_tfl,798,10,1200.0,0.0,10.34688405804241,10.300759083058807,0.5255950857999464,0.013861467163406851,0.5471300087150915,0.4598997493734336,GOE
Santander Cycles London,london_tfl,798,10,1200.0,1.0,10.34688405804241,10.300759083058807,0.4056964480571567,0.25357114540067993,0.9796323151931974,1.0,Poisson
Santander Cycles London,london_tfl,798,15,300.0,0.0,4.090568829979946,4.027229205290574,0.462387528041327,0.06274989025054194,0.49222923134931645,0.9448621553884712,intermediate
Santander Cycles London,london_tfl,798,15,300.0,1.0,4.090568829979946,4.027229205290574,0.37858373088212416,0.28808313673276675,0.9549156942060217,1.0,Poisson
Santander Cycles London,london_tfl,798,15,500.0,0.0,8.601183391173112,8.802539022113534,0.5267140414949806,0.01870621028553965,0.47406143924510197,0.6528822055137845,GOE
Santander Cycles London,london_tfl,798,15,500.0,1.0,8.601183391173112,8.802539022113534,0.3833985094851449,0.2937330987255602,0.9819170433851984,1.0,Poisson
Santander Cycles London,london_tfl,798,15,800.0,0.0,12.504016521911039,12.688182258223396,0.5215962689650792,0.009785880310934303,0.4933491594669694,0.36716791979949875,GOE
Santander Cycles London,london_tfl,798,15,800.0,1.0,12.504016521911039,12.688182258223396,0.42195912086598863,0.283166752744008,0.9861555316388504,1.0,Poisson
Santander Cycles London,london_tfl,798,15,1200.0,0.0,14.715241657804356,14.661571242381871,0.5296401847189512,0.010369790235383126,0.4768249573625253,0.3132832080200501,GOE
Santander Cycles London,london_tfl,798,15,1200.0,1.0,14.715241657804356,14.661571242381871,0.4028882426440073,0.27026153608386094,0.9872912710362365,1.0,Poisson
Santander Cycles London,london_tfl,798,20,300.0,0.0,4.226601400427328,4.117990625287859,0.4808842408762754,0.07043600300231118,0.4923716124973053,0.9423558897243107,GOE
Santander Cycles London,london_tfl,798,20,300.0,1.0,4.226601400427328,4.117990625287859,0.3896565576883421,0.2996382996797574,0.955556745069771,1.0,Poisson
Santander Cycles London,london_tfl,798,20,500.0,0.0,9.71574466295385,9.884077090639625,0.5310980106941823,0.02660145226760443,0.4872486461790886,0.7393483709273183,GOE
Santander Cycles London,london_tfl,798,20,500.0,1.0,9.71574466295385,9.884077090639625,0.4178616434594035,0.3139578753458262,0.985684634898809,1.0,Poisson
Santander Cycles London,london_tfl,798,20,800.0,0.0,15.23612797774628,15.567985876502993,0.5405805198435127,0.010206208675697477,0.37581993043128165,0.3634085213032581,GOE
Santander Cycles London,london_tfl,798,20,800.0,1.0,15.23612797774628,15.567985876502993,0.4236790268084743,0.3014157713612965,0.9894308561717159,1.0,Poisson
Santander Cycles London,london_tfl,798,20,1200.0,0.0,18.692561481161803,18.776750680892995,0.5264708298204581,0.008385150056132338,0.4349229350062618,0.2644110275689223,GOE
Santander Cycles London,london_tfl,798,20,1200.0,1.0,18.692561481161803,18.776750680892995,0.40851071317968,0.28989623257732283,0.9899531581331489,1.0,Poisson
BIXI Montréal,montreal_bixi,1057,6,300.0,0.0,2.4166272749276985,2.1747204025731106,0.45115961544670474,0.12675750024004853,0.9999464744972056,0.9952696310312205,intermediate
BIXI Montréal,montreal_bixi,1057,6,300.0,1.0,2.4166272749276985,2.1747204025731106,0.3982977670737899,0.27400018880707094,0.9999986460194409,1.0,Poisson
BIXI Montréal,montreal_bixi,1057,6,500.0,0.0,3.77848550526099,4.260031067028428,0.46321074256638434,0.06540381508055668,0.8285265751869101,0.9895931882686849,intermediate
BIXI Montréal,montreal_bixi,1057,6,500.0,1.0,3.77848550526099,4.260031067028428,0.39772293434193756,0.22361391369649755,0.977116562951082,1.0,Poisson
BIXI Montréal,montreal_bixi,1057,6,800.0,0.0,4.965667807990062,5.473617425792832,0.47815094437128053,0.03744840877819462,0.5105802313877987,0.9612109744560076,intermediate
BIXI Montréal,montreal_bixi,1057,6,800.0,1.0,4.965667807990062,5.473617425792832,0.4067976368227965,0.20166741105495298,0.977429950442523,1.0,Poisson
BIXI Montréal,montreal_bixi,1057,6,1200.0,0.0,5.798861643086445,5.877831894242631,0.5061780942975452,0.02992513884845637,0.5042788553538443,0.9460737937559129,GOE
BIXI Montréal,montreal_bixi,1057,6,1200.0,1.0,5.798861643086445,5.877831894242631,0.4088077990140002,0.19887369185259418,0.9780692814634123,1.0,Poisson
BIXI Montréal,montreal_bixi,1057,10,300.0,0.0,3.1037999566966077,2.456216980817387,0.4434913332693102,0.12834557054966886,0.9999486988821661,0.9943235572374646,intermediate
BIXI Montréal,montreal_bixi,1057,10,300.0,1.0,3.1037999566966077,2.456216980817387,0.40118113184198795,0.29055672324360216,0.9999986460173346,1.0,Poisson
BIXI Montréal,montreal_bixi,1057,10,500.0,0.0,5.301163331432288,5.787602338779669,0.4690483381165916,0.06687153880670611,0.8282484811834584,0.9848628192999054,intermediate
BIXI Montréal,montreal_bixi,1057,10,500.0,1.0,5.301163331432288,5.787602338779669,0.40938973839262366,0.24747753870693767,0.9818153707171617,1.0,Poisson
BIXI Montréal,montreal_bixi,1057,10,800.0,0.0,7.32980343382131,8.440199108576223,0.4870894542195239,0.040889157254083666,0.5105802313877985,0.9167455061494797,GOE
BIXI Montréal,montreal_bixi,1057,10,800.0,1.0,7.32980343382131,8.440199108576223,0.42101659709043693,0.22863032463240865,0.9856189232670611,1.0,Poisson
BIXI Montréal,montreal_bixi,1057,10,1200.0,0.0,8.886209094752282,9.627322230385063,0.515407354815821,0.02781347857309441,0.5042788553532624,0.8145695364238411,GOE
BIXI Montréal,montreal_bixi,1057,10,1200.0,1.0,8.886209094752282,9.627322230385063,0.4096606804419584,0.22660286169296873,0.9867499749218008,1.0,Poisson
BIXI Montréal,montreal_bixi,1057,15,300.0,0.0,3.5984315201006725,2.565122684037277,0.449562073250241,0.1335889853339281,0.9999489543190851,0.9952696310312205,intermediate
BIXI Montréal,montreal_bixi,1057,15,300.0,1.0,3.5984315201006725,2.565122684037277,0.39567789456824687,0.30481838331229744,0.9999986460179503,1.0,Poisson
BIXI Montréal,montreal_bixi,1057,15,500.0,0.0,6.718880325739118,6.785634910075492,0.4763434079004601,0.07227741318173138,0.8281402792649909,0.9772942289498581,intermediate
BIXI Montréal,montreal_bixi,1057,15,500.0,1.0,6.718880325739118,6.785634910075492,0.42272684433382235,0.26743537571784937,0.9819574116978341,1.0,Poisson
BIXI Montréal,montreal_bixi,1057,15,800.0,0.0,9.758326891940706,11.316540521928822,0.49886824448597256,0.04569661693011667,0.5105802313877987,0.8968779564806055,GOE
BIXI Montréal,montreal_bixi,1057,15,800.0,1.0,9.758326891940706,11.316540521928822,0.41487997747215744,0.25955341044590297,0.9898845232217364,1.0,Poisson
BIXI Montréal,montreal_bixi,1057,15,1200.0,0.0,12.216250618740947,13.991335354036643,0.5123667087372027,0.03039757223048435,0.5167288694110009,0.7530747398297067,GOE
BIXI Montréal,montreal_bixi,1057,15,1200.0,1.0,12.216250618740947,13.991335354036643,0.4334133720981555,0.2567544595257762,0.9917455421415694,1.0,Poisson
BIXI Montréal,montreal_bixi,1057,20,300.0,0.0,3.8947838991515784,2.5653929770881247,0.4542354476962663,0.13860553228324812,0.9999490273511885,0.9905392620624409,intermediate
BIXI Montréal,montreal_bixi,1057,20,300.0,1.0,3.8947838991515784,2.5653929770881247,0.39686971921643166,0.3153939451659837,0.9999986460179499,1.0,Poisson
BIXI Montréal,montreal_bixi,1057,20,500.0,0.0,7.824664861209834,7.116015995178255,0.4706680511308522,0.07665130269929338,0.828487903752614,0.9706717123935666,intermediate
BIXI Montréal,montreal_bixi,1057,20,500.0,1.0,7.824664861209834,7.116015995178255,0.42672503345740476,0.2786176896825659,0.9858270446005062,1.0,Poisson
BIXI Montréal,montreal_bixi,1057,20,800.0,0.0,11.862068918851703,13.324836381878711,0.5074367731075069,0.050050261615433606,0.5105802313877987,0.9091769157994324,GOE
BIXI Montréal,montreal_bixi,1057,20,800.0,1.0,11.862068918851703,13.324836381878711,0.410053990655227,0.2722555409562967,0.9919726251134272,1.0,Poisson
BIXI Montréal,montreal_bixi,1057,20,1200.0,0.0,15.21655326516479,17.763924494774905,0.512279605139891,0.03769447299961272,0.552628454772699,0.7767265846736046,GOE
BIXI Montréal,montreal_bixi,1057,20,1200.0,1.0,15.21655326516479,17.763924494774905,0.42102778466494295,0.2756007302029971,0.9940412183099856,1.0,Poisson
Vélib Paris,tier2_paris,1511,6,300.0,0.0,2.805919866581264,3.0963646188847442,0.49017488299834777,0.05781802815214555,0.9999959642143615,0.9887491727332892,GOE
Vélib Paris,tier2_paris,1511,6,300.0,1.0,2.805919866581264,3.0963646188847442,0.3839334796167908,0.25016641384847066,0.9999999981830281,1.0,Poisson
Vélib Paris,tier2_paris,1511,6,500.0,0.0,4.435935385748535,4.839912949064215,0.48936469398419935,0.025009398048583896,0.9780339304685738,0.898742554599603,GOE
Vélib Paris,tier2_paris,1511,6,500.0,1.0,4.435935385748535,4.839912949064215,0.4139267830116407,0.22171347453030538,0.9983953797144962,1.0,Poisson
Vélib Paris,tier2_paris,1511,6,800.0,0.0,5.574489826626343,5.672612867764977,0.5240214827988336,0.012523922497830495,0.49970571036750333,0.8113831899404368,GOE
Vélib Paris,tier2_paris,1511,6,800.0,1.0,5.574489826626343,5.672612867764977,0.40393129221718727,0.209026796584082,0.9697816465288295,1.0,Poisson
Vélib Paris,tier2_paris,1511,6,1200.0,0.0,6.224862795061281,6.222318671808752,0.534429733415504,0.009539859440276166,0.49692138673579606,0.7604235605559232,GOE
Vélib Paris,tier2_paris,1511,6,1200.0,1.0,6.224862795061281,6.222318671808752,0.40371943433877855,0.2010988869663197,0.975846252998033,1.0,Poisson
Vélib Paris,tier2_paris,1511,10,300.0,0.0,3.5410927371537686,3.802453176212417,0.4956077950257574,0.062453982003347466,0.9992243669044488,0.9761747187293184,GOE
Vélib Paris,tier2_paris,1511,10,300.0,1.0,3.5410927371537686,3.802453176212417,0.3836227762143244,0.2813746119228762,0.9999999981834007,1.0,Poisson
Vélib Paris,tier2_paris,1511,10,500.0,0.0,6.283916161557239,7.103853457503201,0.5223058420098395,0.026928652758143885,0.9874099796054997,0.7690271343481139,GOE
Vélib Paris,tier2_paris,1511,10,500.0,1.0,6.283916161557239,7.103853457503201,0.3958172970982762,0.25885203936129964,0.9984052541647253,1.0,Poisson
Vélib Paris,tier2_paris,1511,10,800.0,0.0,8.410037480503076,9.109355766243812,0.5254571568285464,0.012780092095891508,0.49977571414290356,0.57180675049636,GOE
Vélib Paris,tier2_paris,1511,10,800.0,1.0,8.410037480503076,9.109355766243812,0.39959683838239474,0.24484243862152263,0.9784453375474194,1.0,Poisson
Vélib Paris,tier2_paris,1511,10,1200.0,0.0,9.72892109008549,10.140037807744022,0.5283623949243355,0.006916419516123544,0.494954339482815,0.44076770350761085,GOE
Vélib Paris,tier2_paris,1511,10,1200.0,1.0,9.72892109008549,10.140037807744022,0.41778667932712527,0.2316454090988605,0.9872033384197403,1.0,Poisson
Vélib Paris,tier2_paris,1511,15,300.0,0.0,4.016308305699655,4.215154412326384,0.46865777404704456,0.071846704872288,0.9998121095366783,0.9741892786234282,intermediate
Vélib Paris,tier2_paris,1511,15,300.0,1.0,4.016308305699655,4.215154412326384,0.4163702876857831,0.3044216857565004,0.9999999981833865,1.0,Poisson
Vélib Paris,tier2_paris,1511,15,500.0,0.0,7.981579570971726,9.169050533191161,0.5196729670740869,0.031074486062644385,0.8754236455351007,0.7882197220383852,GOE
Vélib Paris,tier2_paris,1511,15,500.0,1.0,7.981579570971726,9.169050533191161,0.40446282719235843,0.2822060376836713,0.9983948533418431,1.0,Poisson
Vélib Paris,tier2_paris,1511,15,800.0,0.0,11.4244114250803,12.856793614485184,0.5237009227130428,0.016026562130282626,0.49979967149308774,0.500330906684315,GOE
Vélib Paris,tier2_paris,1511,15,800.0,1.0,11.4244114250803,12.856793614485184,0.4042628597552884,0.27112212085452936,0.9867568387420571,1.0,Poisson
Vélib Paris,tier2_paris,1511,15,1200.0,0.0,13.71312201727193,14.655499056090783,0.5370689119080274,0.007393171550318846,0.4957686327243014,0.3448047650562541,GOE
Vélib Paris,tier2_paris,1511,15,1200.0,1.0,13.71312201727193,14.655499056090783,0.4099113918410188,0.26429060103664975,0.9897506732100599,1.0,Poisson
Vélib Paris,tier2_paris,1511,20,300.0,0.0,4.262438179267135,4.319853627222689,0.47522326728983677,0.07757927416615228,0.999871461119477,0.9702183984116479,intermediate
Vélib Paris,tier2_paris,1511,20,300.0,1.0,4.262438179267135,4.319853627222689,0.39993507272193524,0.31354955820172103,0.9999999981834184,1.0,Poisson
Vélib Paris,tier2_paris,1511,20,500.0,0.0,9.237157148842611,10.585766906844048,0.5103118500849859,0.035730947335923136,0.9826983060219013,0.8405029781601588,GOE
Vélib Paris,tier2_paris,1511,20,500.0,1.0,9.237157148842611,10.585766906844048,0.4117426816779379,0.29804908768335964,0.9984029772681255,1.0,Poisson
Vélib Paris,tier2_paris,1511,20,800.0,0.0,14.023702211730544,16.064385670387928,0.5146128050776104,0.020186007303427227,0.4998092482093673,0.5380542686962276,GOE
Vélib Paris,tier2_paris,1511,20,800.0,1.0,14.023702211730544,16.064385670387928,0.4137145693660004,0.2895308508207989,0.9907394010343438,1.0,Poisson
Vélib Paris,tier2_paris,1511,20,1200.0,0.0,17.388064643522412,19.017692378297838,0.5267933153478215,0.010331166792468725,0.49602961566183257,0.3673064195896757,GOE
Vélib Paris,tier2_paris,1511,20,1200.0,1.0,17.388064643522412,19.017692378297838,0.4291940786167102,0.27913847059248487,0.9922646132815649,1.0,Poisson
Vélo'v Lyon,tier2_lyon,462,6,300.0,0.0,2.679850891388132,2.6115163085323236,0.4794962381956624,0.08077059603912969,0.9955354695857667,0.9285714285714286,intermediate
Vélo'v Lyon,tier2_lyon,462,6,300.0,1.0,2.679850891388132,2.6115163085323236,0.3828338697254435,0.2773934267724338,1.0,1.0,Poisson
Vélo'v Lyon,tier2_lyon,462,6,500.0,0.0,4.390279868195322,4.644119123932013,0.5098488641528077,0.046990019012716065,0.9999955816904038,0.7012987012987013,GOE
Vélo'v Lyon,tier2_lyon,462,6,500.0,1.0,4.390279868195322,4.644119123932013,0.39403442388866505,0.258278162186186,0.9999999908031063,1.0,Poisson
Vélo'v Lyon,tier2_lyon,462,6,800.0,0.0,5.559752396195616,5.7159641027103945,0.49588210524631227,0.03658433546077076,0.9892305391721297,0.6103896103896104,GOE
Vélo'v Lyon,tier2_lyon,462,6,800.0,1.0,5.559752396195616,5.7159641027103945,0.39798396681876563,0.24983336126524408,0.9994654090329909,1.0,Poisson
Vélo'v Lyon,tier2_lyon,462,6,1200.0,0.0,6.209681936051837,6.4284644575186904,0.5053194425127194,0.028663632047139904,0.5368021054407607,0.5844155844155844,GOE
Vélo'v Lyon,tier2_lyon,462,6,1200.0,1.0,6.209681936051837,6.4284644575186904,0.3989393648378833,0.24496194895390408,0.9795415293340074,1.0,Poisson
Vélo'v Lyon,tier2_lyon,462,10,300.0,0.0,3.269348186855599,3.022264098262336,0.4526151450080778,0.0888434434709519,0.9968087034016131,0.9155844155844156,intermediate
Vélo'v Lyon,tier2_lyon,462,10,300.0,1.0,3.269348186855599,3.022264098262336,0.4003255441093,0.30992116558559085,1.0,1.0,Poisson
Vélo'v Lyon,tier2_lyon,462,10,500.0,0.0,6.114061376491869,6.536727829822215,0.5104802189595103,0.04830908297414548,0.9999955816904038,0.5757575757575758,GOE
Vélo'v Lyon,tier2_lyon,462,10,500.0,1.0,6.114061376491869,6.536727829822215,0.42609730988482336,0.29813411329570993,0.9999999908031572,1.0,Poisson
Vélo'v Lyon,tier2_lyon,462,10,800.0,0.0,8.397736391165097,8.972694349020198,0.5376334973619721,0.03277525628925573,0.9892304445031033,0.4523809523809524,GOE
Vélo'v Lyon,tier2_lyon,462,10,800.0,1.0,8.397736391165097,8.972694349020198,0.40694145415396366,0.2857606714087435,0.9995210655677693,1.0,Poisson
Vélo'v Lyon,tier2_lyon,462,10,1200.0,0.0,9.783413323113356,10.148830533949738,0.49697761422813763,0.020624256458001977,0.5018600065646168,0.38311688311688313,GOE
Vélo'v Lyon,tier2_lyon,462,10,1200.0,1.0,9.783413323113356,10.148830533949738,0.3933672167127343,0.28370248956852884,0.9832920067653613,1.0,Poisson
Vélo'v Lyon,tier2_lyon,462,15,300.0,0.0,3.6297043135895724,3.1806889341969606,0.456331570161756,0.1010758773342879,0.9969127289377687,0.9047619047619048,intermediate
Vélo'v Lyon,tier2_lyon,462,15,300.0,1.0,3.6297043135895724,3.1806889341969606,0.40444910071315676,0.32922793854402244,1.0,1.0,Poisson
Vélo'v Lyon,tier2_lyon,462,15,500.0,0.0,7.629269184528686,7.804625008701966,0.5232644821083338,0.054415617984105935,0.9999955816904038,0.6515151515151515,GOE
Vélo'v Lyon,tier2_lyon,462,15,500.0,1.0,7.629269184528686,7.804625008701966,0.4168687314998197,0.32776878277753496,0.9999999908031598,1.0,Poisson
Vélo'v Lyon,tier2_lyon,462,15,800.0,0.0,11.397138500721175,12.394761066926522,0.5130253538094165,0.033998869029645676,0.9892305933950977,0.4025974025974026,GOE
Vélo'v Lyon,tier2_lyon,462,15,800.0,1.0,11.397138500721175,12.394761066926522,0.4143558998215993,0.3138238455188114,0.9995236198551237,1.0,Poisson
Vélo'v Lyon,tier2_lyon,462,15,1200.0,0.0,13.90355724896261,14.842325489310383,0.5289525654160233,0.02269315779410598,0.5008483815386744,0.28354978354978355,GOE
Vélo'v Lyon,tier2_lyon,462,15,1200.0,1.0,13.90355724896261,14.842325489310383,0.41539096759708116,0.3083697943877956,0.9855404442510824,1.0,Poisson
Vélo'v Lyon,tier2_lyon,462,20,300.0,0.0,3.7958379274570087,3.2288517446828244,0.4643829012692541,0.10724914155418917,0.9967834579030261,0.9047619047619048,intermediate
Vélo'v Lyon,tier2_lyon,462,20,300.0,1.0,3.7958379274570087,3.2288517446828244,0.4040042768814148,0.33957011970787443,1.0,1.0,Poisson
Vélo'v Lyon,tier2_lyon,462,20,500.0,0.0,8.650537329438764,8.62624882274092,0.5052139404047831,0.06460671764617315,0.9999955816904038,0.7748917748917749,GOE
Vélo'v Lyon,tier2_lyon,462,20,500.0,1.0,8.650537329438764,8.62624882274092,0.40702916387924043,0.35115257199786404,0.9999999908031598,1.0,Poisson
Vélo'v Lyon,tier2_lyon,462,20,800.0,0.0,13.848841230969876,14.982306086583597,0.49319872947017973,0.04078177224873348,0.9892303238401952,0.4155844155844156,GOE
Vélo'v Lyon,tier2_lyon,462,20,800.0,1.0,13.848841230969876,14.982306086583597,0.4247038916805183,0.3440037513090652,0.999524027298645,1.0,Poisson
Vélo'v Lyon,tier2_lyon,462,20,1200.0,0.0,17.594404601053217,19.098818496856822,0.530480201418855,0.02558183216861598,0.5001100835592421,0.25757575757575757,GOE
Vélo'v Lyon,tier2_lyon,462,20,1200.0,1.0,17.594404601053217,19.098818496856822,0.4174163891671697,0.33482337150228153,0.9905458091901129,1.0,Poisson
VéLÔ Toulouse,tier2_toulouse,448,6,300.0,0.0,2.3504497368386432,1.9012610254572282,0.45910652344062514,0.08376832393577664,1.0,0.9464285714285714,intermediate
VéLÔ Toulouse,tier2_toulouse,448,6,300.0,1.0,2.3504497368386432,1.9012610254572282,0.41495318353859734,0.29447992732446554,1.0,1.0,Poisson
VéLÔ Toulouse,tier2_toulouse,448,6,500.0,0.0,4.074836849273814,4.006705056212198,0.5152482983018757,0.03773968268926902,1.0,0.6964285714285714,GOE
VéLÔ Toulouse,tier2_toulouse,448,6,500.0,1.0,4.074836849273814,4.006705056212198,0.4362671988735703,0.2647998568768512,1.0,1.0,Poisson
VéLÔ Toulouse,tier2_toulouse,448,6,800.0,0.0,5.423699555913217,5.528111872741915,0.514965402854531,0.026824232656152826,1.0,0.6272321428571429,GOE
VéLÔ Toulouse,tier2_toulouse,448,6,800.0,1.0,5.423699555913217,5.528111872741915,0.38398599817913215,0.2556288384594915,1.0,1.0,Poisson
VéLÔ Toulouse,tier2_toulouse,448,6,1200.0,0.0,6.195056701405077,6.272469009784813,0.536441414102674,0.025212600208659897,1.0,0.59375,GOE
VéLÔ Toulouse,tier2_toulouse,448,6,1200.0,1.0,6.195056701405077,6.272469009784813,0.41610516115079893,0.25123406495662876,1.0,1.0,Poisson
VéLÔ Toulouse,tier2_toulouse,448,10,300.0,0.0,2.8814856866333436,2.026002640931865,0.4769747801549357,0.09409624482181982,1.0,0.9486607142857143,intermediate
VéLÔ Toulouse,tier2_toulouse,448,10,300.0,1.0,2.8814856866333436,2.026002640931865,0.4325817261453933,0.32081600812814565,1.0,1.0,Poisson
VéLÔ Toulouse,tier2_toulouse,448,10,500.0,0.0,5.536273530153868,5.082686774776768,0.504994903245692,0.04768408094659323,1.0,0.6629464285714286,GOE
VéLÔ Toulouse,tier2_toulouse,448,10,500.0,1.0,5.536273530153868,5.082686774776768,0.4283840501353891,0.29742045876837475,1.0,1.0,Poisson
VéLÔ Toulouse,tier2_toulouse,448,10,800.0,0.0,8.021412129753015,8.12571137658271,0.5298404969885205,0.031177992091746116,1.0,0.45982142857142855,GOE
VéLÔ Toulouse,tier2_toulouse,448,10,800.0,1.0,8.021412129753015,8.12571137658271,0.40394400287918475,0.2927479760258554,1.0,1.0,Poisson
VéLÔ Toulouse,tier2_toulouse,448,10,1200.0,0.0,9.658882348633856,9.80383796578359,0.5211379644400703,0.023629276243917283,1.0,0.3950892857142857,GOE
VéLÔ Toulouse,tier2_toulouse,448,10,1200.0,1.0,9.658882348633856,9.80383796578359,0.428096430499723,0.28345248027380016,1.0,1.0,Poisson
VéLÔ Toulouse,tier2_toulouse,448,15,300.0,0.0,3.289087408227561,2.0427850812577084,0.5026834578161734,0.09731507567119878,1.0,0.9464285714285714,GOE
VéLÔ Toulouse,tier2_toulouse,448,15,300.0,1.0,3.289087408227561,2.0427850812577084,0.4061509074864778,0.3270681426434789,1.0,1.0,Poisson
VéLÔ Toulouse,tier2_toulouse,448,15,500.0,0.0,6.891367051962912,5.934204790262167,0.4849407743348099,0.05594176680789569,1.0,0.7633928571428571,GOE
VéLÔ Toulouse,tier2_toulouse,448,15,500.0,1.0,6.891367051962912,5.934204790262167,0.40747402316028064,0.32755949202335616,1.0,1.0,Poisson
VéLÔ Toulouse,tier2_toulouse,448,15,800.0,0.0,10.762644667959448,10.789839475010314,0.5337579630080884,0.03554811575971636,1.0,0.46651785714285715,GOE
VéLÔ Toulouse,tier2_toulouse,448,15,800.0,1.0,10.762644667959448,10.789839475010314,0.4201022346067558,0.3245720200376682,1.0,1.0,Poisson
VéLÔ Toulouse,tier2_toulouse,448,15,1200.0,0.0,13.631226853597976,14.091615733052185,0.5360004444337917,0.020675543537087646,1.0,0.32142857142857145,GOE
VéLÔ Toulouse,tier2_toulouse,448,15,1200.0,1.0,13.631226853597976,14.091615733052185,0.4076843627268786,0.3062130534150153,1.0,1.0,Poisson
VéLÔ Toulouse,tier2_toulouse,448,20,300.0,0.0,3.5135464088214365,2.0475459853197604,0.47661059601798295,0.1054703409548092,1.0,0.9575892857142857,intermediate
VéLÔ Toulouse,tier2_toulouse,448,20,300.0,1.0,3.5135464088214365,2.0475459853197604,0.3773201359208969,0.3342786130418194,1.0,1.0,Poisson
VéLÔ Toulouse,tier2_toulouse,448,20,500.0,0.0,7.819525849026854,6.1875030451342905,0.520233539473798,0.06700700638323571,1.0,0.828125,GOE
VéLÔ Toulouse,tier2_toulouse,448,20,500.0,1.0,7.819525849026854,6.1875030451342905,0.41890596352900544,0.34275282313921995,1.0,1.0,Poisson
VéLÔ Toulouse,tier2_toulouse,448,20,800.0,0.0,12.92278084629046,12.606292413975567,0.5009467257756411,0.0471701361298674,1.0,0.5245535714285714,GOE
VéLÔ Toulouse,tier2_toulouse,448,20,800.0,1.0,12.92278084629046,12.606292413975567,0.41907958083959646,0.3479524238688249,1.0,1.0,Poisson
VéLÔ Toulouse,tier2_toulouse,448,20,1200.0,0.0,17.05938381089827,17.648543706979254,0.5166113497412502,0.02659867272076633,1.0,0.33482142857142855,GOE
VéLÔ Toulouse,tier2_toulouse,448,20,1200.0,1.0,17.05938381089827,17.648543706979254,0.42174729851440934,0.33021765102477907,1.0,1.0,Poisson
